﻿表2.2 Table 2.2,"2011年、2016年及2021年按每月主要職業收入劃分的工作人口[1] Working population[1] by monthly income from main employment, 2011, 2016 and 2021",,,,,,,,,,,
年份 Year,2011,2011,2016,2016,2021,2021,2011,2011,2016,2016,2021,2021
每月主要職業收入（港元） Monthly income from main employment (HK$),數目（包括外籍家庭傭工） Number (Including foreign domestic helpers),百分比（包括外籍家庭傭工） % (Including foreign domestic helpers),數目（包括外籍家庭傭工） Number (Including foreign domestic helpers),百分比（包括外籍家庭傭工） % (Including foreign domestic helpers),數目（包括外籍家庭傭工） Number (Including foreign domestic helpers),百分比（包括外籍家庭傭工） % (Including foreign domestic helpers),數目（不包括外籍家庭傭工） Number (Excluding foreign domestic helpers),百分比（不包括外籍家庭傭工） % (Excluding foreign domestic helpers),數目（不包括外籍家庭傭工） Number (Excluding foreign domestic helpers),百分比（不包括外籍家庭傭工） % (Excluding foreign domestic helpers),數目（不包括外籍家庭傭工） Number (Excluding foreign domestic helpers),百分比（不包括外籍家庭傭工） % (Excluding foreign domestic helpers)
"< 2,000",62680,1.8,43583,1.2,48573,1.3,61935,1.9,43583,1.3,48573,1.4
"2,000 – 3,999",336158,9.5,78813,2.1,60914,1.7,110714,3.4,78813,2.3,60914,1.8
"4,000 – 5,999",185318,5.2,411905,11.0,396686,10.8,159539,4.9,99300,2.9,89676,2.7
"6,000 – 7,999",364625,10.3,137341,3.7,101076,2.8,362962,11.1,130754,3.8,90303,2.7
"8,000 – 9,999",454732,12.9,285425,7.6,132191,3.6,454218,13.9,283102,8.3,130756,3.9
"10,000 – 14,999",754507,21.4,891542,23.8,657485,17.9,754368,23.0,891262,26.1,656970,19.6
"15,000 – 19,999",411534,11.6,572777,15.3,616188,16.8,411534,12.6,572777,16.8,615948,18.4
"20,000 – 24,999",284518,8.1,372665,10.0,480978,13.1,284518,8.7,372665,10.9,480976,14.4
"25,000 – 29,999",141632,4.0,190703,5.1,217690,5.9,141632,4.3,190703,5.6,217676,6.5
"30,000 – 39,999",216243,6.1,277029,7.4,339746,9.3,216243,6.6,277029,8.1,339746,10.1
"40,000 – 59,999",173003,4.9,247662,6.6,307113,8.4,173003,5.3,247662,7.2,307113,9.2
"≥ 60,000",147899,4.2,231457,6.2,312685,8.5,147899,4.5,231457,6.8,312685,9.3
總計 Total,3532849,100.0,3740902,100.0,3671325,100.0,3278565,100.0,3419107,100.0,3351336,100
年份 Year,2011,2016,2021,,,,,,,,,
每月主要職業收入中位數（包括外籍家庭傭工）（港元） Median monthly income from main employment (Including foreign domestic helpers) (HK$),11000,15000,18000,,,,,,,,,
每月主要職業收入中位數（不包括外籍家庭傭工）（港元） Median monthly income from main employment (Excluding foreign domestic helpers) (HK$),12000,15500,19500,,,,,,,,,
註釋： [1] 數字不包括無酬家庭從業員。  Note : [1] Figures exclude unpaid family workers.,,,,,,,,,,,,
