﻿表2.9 Table 2.9,"2011年、2016年及2021年按收入組別劃分的工作人口[1] Working population[1] by income groups, 2011, 2016 and 2021",,,,,,
包括外籍家庭傭工/ 不包括外籍家庭傭工 Including foreign domestic helpers/ Excluding foreign domestic helpers,包括外籍家庭傭工/ 不包括外籍家庭傭工 Including foreign domestic helpers/ Excluding foreign domestic helpers,包括外籍家庭傭工 Including foreign domestic helpers,包括外籍家庭傭工 Including foreign domestic helpers,包括外籍家庭傭工 Including foreign domestic helpers,不包括外籍家庭傭工 Excluding foreign domestic helpers,不包括外籍家庭傭工 Excluding foreign domestic helpers,不包括外籍家庭傭工 Excluding foreign domestic helpers
收入組別 Income Group,年份 Year,2011,2016,2021,2011,2016,2021
第一個至第二個十等分組別 1st – 2nd decile groups,每月主要職業收入範圍（港元） Range of monthly income from main employment (HK$),"≤ 6,500","≤ 8,250","≤ 9,810","≤ 7,500","≤ 10,000","≤ 11,310"
第一個至第二個十等分組別 1st – 2nd decile groups,每月主要職業收入中位數（港元） Median monthly income from main  employment (HK$),3700,4250,4800,5800,7750,8500
第一個至第二個十等分組別 1st – 2nd decile groups,組內收入佔總收入的百分比 Share of the groups’ income to total  aggregate income,4.2,4.3,3.9,5.0,5.5,5.1
第一個至第二個十等分組別 1st – 2nd decile groups,工作人口數目 Number of working population,706568,748175,734262,655706,683814,670265
第三個至第八個十等分組別 3rd – 8th decile groups,每月主要職業收入範圍（港元） Range of monthly income from main employment (HK$),"6,500 – ≤ 23,750","8,250 – ≤ 30,000","9,810 – ≤ 34,670","7,500 – ≤ 25,000","10,000 – ≤ 30,000","11,320 – ≤ 36,500"
第三個至第八個十等分組別 3rd – 8th decile groups,每月主要職業收入中位數（港元） Median monthly income from main  employment (HK$),11000,15000,18000,12000,15500,19500
第三個至第八個十等分組別 3rd – 8th decile groups,組內收入佔總收入的百分比 Share of the groups’ income to total  aggregate income,39.4,40.7,40.9,39.6,40.9,41.1
第三個至第八個十等分組別 3rd – 8th decile groups,工作人口數目 Number of working population,2119688,2244546,2202794,1967131,2051467,2010792
第九個至第十個十等分組別 9th – 10th decile groups,每月主要職業收入範圍（港元） Range of monthly income from main employment (HK$),"≥ 23,750","≥ 30,000","≥ 34,670","≥ 25,000","≥ 30,000","≥ 36,500"
第九個至第十個十等分組別 9th – 10th decile groups,每月主要職業收入中位數（港元） Median monthly income from main  employment (HK$),36250,45000,54000,38940,49000,56000
第九個至第十個十等分組別 9th – 10th decile groups,組內收入佔總收入的百分比 Share of the groups’ income to total  aggregate income,56.4,55.0,55.3,55.4,53.6,53.8
第九個至第十個十等分組別 9th – 10th decile groups,工作人口數目 Number of working population,706593,748181,734269,655728,683826,670279
註釋： [1] 數字不包括無酬家庭從業員。 Note : [1] Figures exclude unpaid family workers.,,,,,,,
