﻿表2.14a Table 2.14a,"2011年、2016年及2021年按收入組別（包括外籍家庭傭工）劃分的家庭住戶數目 Domestic households by income groups (including foreign domestic helpers), 2011, 2016 and 2021",,,,,,
所有家庭住戶/ 從事經濟活動住戶[1] All domestic households/ Economically active households[1],所有家庭住戶/ 從事經濟活動住戶[1] All domestic households/ Economically active households[1],所有家庭住戶 All domestic households,所有家庭住戶 All domestic households,所有家庭住戶 All domestic households,從事經濟活動住戶[1] Economically active households[1],從事經濟活動住戶[1] Economically active households[1],從事經濟活動住戶[1] Economically active households[1]
收入組別 Income Group,年份 Year,2011,2016,2021,2011,2016,2021
第一個至第二個十等分組別 1st – 2nd decile groups,家庭住戶每月收入範圍（港元） Range of monthly domestic household income (HK$),"≤ 8,500","≤ 10,000","≤ 10,040","≤ 12,300","≤ 15,500","≤ 17,540"
第一個至第二個十等分組別 1st – 2nd decile groups,家庭住戶每月收入中位數（港元） Median monthly domestic household income (HK$),4300,5900,5300,9000,11350,12040
第一個至第二個十等分組別 1st – 2nd decile groups,家庭住戶數目 Number of domestic households,473753,501939,534829,388871,406702,425255
第一個至第二個十等分組別 1st – 2nd decile groups,住戶成員數目 Number of persons involved,896902,896477,904565,966680,951852,909361
第三個至第八個十等分組別 3rd – 8th decile groups,家庭住戶每月收入範圍（港元） Range of monthly domestic household income (HK$),"8,500 – ≤ 44,000","10,000 – ≤ 53,750","10,040 – ≤ 60,950","12,300 – ≤ 48,850","15,500 – ≤ 60,000","17,540 – ≤ 70,040"
第三個至第八個十等分組別 3rd – 8th decile groups,家庭住戶每月收入中位數（港元） Median monthly domestic household income (HK$),20500,25000,27650,24810,30450,35040
第三個至第八個十等分組別 3rd – 8th decile groups,家庭住戶數目 Number of domestic households,1421279,1505842,1604493,1166619,1220113,1275799
第三個至第八個十等分組別 3rd – 8th decile groups,住戶成員數目 Number of persons involved,4344019,4439421,4498209,3759295,3842732,3886369
第九個至第十個十等分組別 9th – 10th decile groups,家庭住戶每月收入範圍（港元） Range of monthly domestic household income (HK$),"≥ 44,000","≥ 53,750","≥ 60,950","≥ 48,850","≥ 60,000","≥ 70,040"
第九個至第十個十等分組別 9th – 10th decile groups,家庭住戶每月收入中位數（港元） Median monthly domestic household income (HK$),66040,80000,92170,72580,88250,102720
第九個至第十個十等分組別 9th – 10th decile groups,家庭住戶數目 Number of domestic households,473764,501953,534839,388883,406710,425266
第九個至第十個十等分組別 9th – 10th decile groups,住戶成員數目 Number of persons involved,1650738,1806238,1873558,1375266,1484052,1508314
註釋： [1] 從事經濟活動住戶是指家庭住戶內（除外籍家庭傭工外）至少有一名成員從事經濟活動。 Note : [1] Economically active households refer to domestic households with at least one member (excluding foreign domestic helpers) being economically active.,,,,,,,
