﻿表2.11b Table 2.11b,"2011年、2016年及2021年按家庭住戶每月收入（不包括外籍家庭傭工）劃分的家庭住戶數目 Domestic households by monthly domestic household income (excluding foreign domestic helpers), 2011, 2016 and 2021",,,,,
年份 Year,2011,2011,2016,2016,2021,2021
家庭住戶每月收入（港元） Monthly domestic household income (HK$),數目（不包括外籍家庭傭工） Number (Excluding foreign domestic helpers),百分比（不包括外籍家庭傭工） % (Excluding foreign domestic helpers),數目（不包括外籍家庭傭工） Number (Excluding foreign domestic helpers),百分比（不包括外籍家庭傭工） % (Excluding foreign domestic helpers),數目（不包括外籍家庭傭工） Number (Excluding foreign domestic helpers),百分比（不包括外籍家庭傭工） % (Excluding foreign domestic helpers)
"< 2,000",96218,4.1,111614,4.5,131554,4.9
"2,000 – 3,999",129827,5.5,45987,1.8,74380,2.8
"4,000 – 5,999",88725,3.7,119763,4.8,106656,4.0
"6,000 – 7,999",120182,5.1,118692,4.7,120249,4.5
"8,000 – 9,999",132578,5.6,94440,3.8,101308,3.8
"10,000 – 14,999",297930,12.6,293581,11.7,255017,9.5
"15,000 – 19,999",265819,11.2,250710,10.0,230000,8.6
"20,000 – 24,999",237111,10.0,221950,8.8,224197,8.4
"25,000 – 29,999",181800,7.7,176120,7.0,170755,6.4
"30,000 – 39,999",269051,11.4,302487,12.1,307458,11.5
"40,000 – 59,999",265835,11.2,359128,14.3,398396,14.9
"60,000 – 79,999",115116,4.9,166319,6.6,209300,7.8
"80,000 – 99,999",57670,2.4,87195,3.5,114039,4.3
"≥ 100,000",109340,4.6,160036,6.4,228375,8.5
總計 Total,2367202,100.0,2508022,100.0,2671684,100.0
年份 Year,2011,2011,2016,2016,2021,2021
從事經濟活動住戶[1]每月收入（港元） Monthly economically active household[1] income (HK$),數目（不包括外籍家庭傭工） Number (Excluding foreign domestic helpers),百分比（不包括外籍家庭傭工） % (Excluding foreign domestic helpers),數目（不包括外籍家庭傭工） Number (Excluding foreign domestic helpers),百分比（不包括外籍家庭傭工） % (Excluding foreign domestic helpers),數目（不包括外籍家庭傭工） Number (Excluding foreign domestic helpers),百分比（不包括外籍家庭傭工） % (Excluding foreign domestic helpers)
"< 2,000",11665,0.6,12378,0.6,30193,1.4
"2,000 – 3,999",18917,1.0,11072,0.5,16299,0.8
"4,000 – 5,999",31903,1.6,15940,0.8,23478,1.1
"6,000 – 7,999",73270,3.8,30002,1.5,27581,1.3
"8,000 – 9,999",107255,5.5,54082,2.7,40518,1.9
"10,000 – 14,999",263731,13.6,247700,12.2,180295,8.5
"15,000 – 19,999",249379,12.8,234578,11.5,205342,9.7
"20,000 – 24,999",224697,11.6,210343,10.3,211766,10.0
"25,000 – 29,999",175209,9.0,170563,8.4,164039,7.7
"30,000 – 39,999",259302,13.3,293287,14.4,297486,14.0
"40,000 – 59,999",257652,13.3,350122,17.2,389227,18.3
"60,000 – 79,999",111353,5.7,162359,8.0,204781,9.6
"80,000 – 99,999",55636,2.9,85272,4.2,111857,5.3
"≥ 100,000",104404,5.4,155827,7.7,223458,10.5
總計 Total,1944373,100.0,2033525,100.0,2126320,100.0
年份 Year,2011,2016,2021,,,
家庭住戶每月收入中位數（不包括外籍家庭傭工）（港元） Median monthly domestic household income from main employment (Excluding foreign domestic helpers) (HK$),20200,24890,27320,,,
從事經濟活動住戶[1]每月收入中位數（不包括外籍家庭傭工）（港元） Median monthly economically active household[1] income from main employment (Excluding foreign domestic helpers) (HK$),24500,30000,34650,,,
註釋： [1] 從事經濟活動住戶是指家庭住戶內（除外籍家庭傭工外）至少有一名成員從事經濟活動。 Note : [1] Economically active households refer to domestic households with at least one member (excluding foreign domestic helpers) being economically active.,,,,,,
