﻿表3.12 Table 3.12,"2011年、2016年及2021年按住戶成員組合劃分的平均每戶工作成員數目 Average number of working members per household by household members composition, 2011, 2016 and 2021",,
年份 Year,2011,2016,2021
住戶成員組合 Household members composition,平均每戶工作成員數目 Average number of working members per household,平均每戶工作成員數目 Average number of working members per household,平均每戶工作成員數目 Average number of working members per household
一名65歲及以上成人 One adult only aged 65 and over,0.1,0.1,0.1
多名65歲及以上成人 Two or more adults aged 65 and over,0.1,0.2,0.2
一名65歲以下成人 One adult only aged below 65,0.7,0.7,0.7
多名成人（非全部65歲及以上） Two or more adults (not all aged 65 and over),1.8,1.8,1.7
一名成人與兒童 One adult and child(ren),0.6,0.7,0.6
多名成人與兒童[1] More than one adult and child(ren)[1],1.8,1.9,1.8
合計 Overall,1.5,1.5,1.4
"註釋： [1] 包括所有成員均是18歲以下人士的住戶，有關住戶數目是2011年的1 202 個、2016年的3 525 個及2021年的4 564個。 Note : [1] Including 1 202, 3 525 and 4 564 households comprising all members aged below 18 in 2011, 2016 and 2021 respectively.",,,
