﻿表2.14b Table 2.14b,"2011年、2016年及2021年按收入組別（不包括外籍家庭傭工）劃分的家庭住戶數目 Domestic households by income groups (excluding foreign domestic helpers), 2011, 2016 and 2021",,,,,,
所有家庭住戶/ 從事經濟活動住戶[1] All domestic households/ Economically active households[1],所有家庭住戶/ 從事經濟活動住戶[1] All domestic households/ Economically active households[1],所有家庭住戶 All domestic households,所有家庭住戶 All domestic households,所有家庭住戶 All domestic households,從事經濟活動住戶[1] Economically active households[1],從事經濟活動住戶[1] Economically active households[1],從事經濟活動住戶[1] Economically active households[1]
收入組別 Income Group,年份 Year,2011,2016,2021,2011,2016,2021
第一個至第二個十等分組別 1st – 2nd decile groups,家庭住戶每月收入範圍（港元） Range of monthly domestic household income (HK$),"≤ 8,300","≤ 10,000","≤ 10,000","≤ 12,070","≤ 15,250","≤ 17,370"
第一個至第二個十等分組別 1st – 2nd decile groups,家庭住戶每月收入中位數（港元） Median monthly domestic household income (HK$),4030,5650,4690,9000,11250,12000
第一個至第二個十等分組別 1st – 2nd decile groups,家庭住戶數目 Number of domestic households,473431,501597,534332,388865,406701,425257
第一個至第二個十等分組別 1st – 2nd decile groups,住戶成員數目 Number of persons involved,877409,840155,882041,963151,946155,905726
第三個至第八個十等分組別 3rd – 8th decile groups,家庭住戶每月收入範圍（港元） Range of monthly domestic household income (HK$),"8,300 – ≤ 43,340","10,000 – ≤ 52,760","10,000 – ≤ 60,200","12,070 – ≤ 48,000","15,250 – ≤ 59,430","17,370 – ≤ 69,200"
第三個至第八個十等分組別 3rd – 8th decile groups,家庭住戶每月收入中位數（港元） Median monthly domestic household income (HK$),20200,24880,27320,24500,30000,34650
第三個至第八個十等分組別 3rd – 8th decile groups,家庭住戶數目 Number of domestic households,1420320,1504814,1603006,1166624,1220111,1275797
第三個至第八個十等分組別 3rd – 8th decile groups,住戶成員數目 Number of persons involved,4263916,4326823,4377295,3682815,3745828,3784678
第九個至第十個十等分組別 9th – 10th decile groups,家庭住戶每月收入範圍（港元） Range of monthly domestic household income (HK$),"≥ 43,340","≥ 52,760","≥ 60,200","≥ 48,000","≥ 59,440","≥ 69,200"
第九個至第十個十等分組別 9th – 10th decile groups,家庭住戶每月收入中位數（港元） Median monthly domestic household income (HK$),65000,79000,90710,71000,86300,100350
第九個至第十個十等分組別 9th – 10th decile groups,家庭住戶數目 Number of domestic households,473451,501611,534346,388884,406713,425266
第九個至第十個十等分組別 9th – 10th decile groups,住戶成員數目 Number of persons involved,1496060,1625381,1697038,1238891,1321213,1353709
註釋： [1] 從事經濟活動住戶是指家庭住戶內（除外籍家庭傭工外）至少有一名成員從事經濟活動。 Note : [1] Economically active households refer to domestic households with at least one member (excluding foreign domestic helpers) being economically active.,,,,,,,
