﻿表2.11a Table 2.11a,"2011年、2016年及2021年按家庭住戶每月收入（包括外籍家庭傭工）劃分的家庭住戶數目 Domestic households by monthly domestic household income (including foreign domestic helpers), 2011, 2016 and 2021",,,,,
年份 Year,2011,2011,2016,2016,2021,2021
家庭住戶每月收入（港元） Monthly domestic household income (HK$),數目（包括外籍家庭傭工） Number (Including foreign domestic helpers),百分比（包括外籍家庭傭工） % (Including foreign domestic helpers),數目（包括外籍家庭傭工） Number (Including foreign domestic helpers),百分比（包括外籍家庭傭工） % (Including foreign domestic helpers),數目（包括外籍家庭傭工） Number (Including foreign domestic helpers),百分比（包括外籍家庭傭工） % (Including foreign domestic helpers)
"< 2,000",85394,3.6,100629,4.0,119581,4.5
"2,000 – 3,999",129332,5.5,38632,1.5,67240,2.5
"4,000 – 5,999",94894,4.0,119616,4.8,107799,4.0
"6,000 – 7,999",121173,5.1,119574,4.8,120094,4.5
"8,000 – 9,999",133122,5.6,101666,4.1,107325,4.0
"10,000 – 14,999",297830,12.6,295912,11.8,259474,9.7
"15,000 – 19,999",265224,11.2,251872,10.0,230235,8.6
"20,000 – 24,999",235695,9.9,220935,8.8,223903,8.4
"25,000 – 29,999",181313,7.7,176659,7.0,171916,6.4
"30,000 – 39,999",269283,11.4,301856,12.0,307442,11.5
"40,000 – 59,999",267953,11.3,360529,14.4,399328,14.9
"60,000 – 79,999",117260,5.0,168441,6.7,211321,7.9
"80,000 – 99,999",58895,2.5,89413,3.6,114878,4.3
"≥ 100,000",111428,4.7,164000,6.5,233625,8.7
總計 Total,2368796,100.0,2509734,100.0,2674161,100.0
年份 Year,2011,2011,2016,2016,2021,2021
從事經濟活動住戶[1]每月收入（港元） Monthly economically active household[1] income (HK$),數目（包括外籍家庭傭工） Number (Including foreign domestic helpers),百分比（包括外籍家庭傭工） % (Including foreign domestic helpers),數目（包括外籍家庭傭工） Number (Including foreign domestic helpers),百分比（包括外籍家庭傭工） % (Including foreign domestic helpers),數目（包括外籍家庭傭工） Number (Including foreign domestic helpers),百分比（包括外籍家庭傭工） % (Including foreign domestic helpers)
"< 2,000",11204,0.6,11578,0.6,28665,1.3
"2,000 – 3,999",18622,1.0,10489,0.5,15686,0.7
"4,000 – 5,999",31759,1.6,16200,0.8,23918,1.1
"6,000 – 7,999",72829,3.7,29810,1.5,27727,1.3
"8,000 – 9,999",106339,5.5,52876,2.6,39988,1.9
"10,000 – 14,999",262273,13.5,243850,12.0,177780,8.4
"15,000 – 19,999",248321,12.8,234275,11.5,203037,9.5
"20,000 – 24,999",223053,11.5,209156,10.3,210303,9.9
"25,000 – 29,999",174421,9.0,170200,8.4,164721,7.7
"30,000 – 39,999",259383,13.3,292422,14.4,296731,14.0
"40,000 – 59,999",259582,13.4,351159,17.3,389891,18.3
"60,000 – 79,999",113324,5.8,164324,8.1,206697,9.7
"80,000 – 99,999",56878,2.9,87438,4.3,112619,5.3
"≥ 100,000",106385,5.5,159748,7.9,228557,10.7
總計 Total,1944373,100.0,2033525,100.0,2126320,100.0
年份 Year,2011,2016,2021,,,
家庭住戶每月收入中位數（包括外籍家庭傭工）（港元） Median monthly domestic household income from main employment (Including foreign domestic helpers) (HK$),20500,25000,27650,,,
從事經濟活動住戶[1]每月收入中位數（包括外籍家庭傭工）（港元） Median monthly economically active household[1] income from main employment (Including foreign domestic helpers) (HK$),24810,30450,35040,,,
註釋： [1] 從事經濟活動住戶是指家庭住戶內（除外籍家庭傭工外）至少有一名成員從事經濟活動。 Note : [1] Economically active households refer to domestic households with at least one member (excluding foreign domestic helpers) being economically active.,,,,,,
