﻿表2.5a Table 2.5a,"2011年、2016年及2021年按性別及每月主要職業收入劃分的工作人口[1]（包括外籍家庭傭工） Working population[1] (including foreign domestic helpers) by sex and monthly income from main employment, 2011, 2016 and 2021",,,,,,
年份 Year,年份 Year,2011,2011,2016,2016,2021,2021
性別 Sex,每月主要職業收入（港元） Monthly income from main employment (HK$),數目（包括外籍家庭傭工） Number (Including foreign domestic helpers),百分比（包括外籍家庭傭工） % (Including foreign domestic helpers),數目（包括外籍家庭傭工） Number (Including foreign domestic helpers),百分比（包括外籍家庭傭工） % (Including foreign domestic helpers),數目（包括外籍家庭傭工） Number (Including foreign domestic helpers),百分比（包括外籍家庭傭工） % (Including foreign domestic helpers)
男 Male,"< 2,000",26697,1.5,17446,0.9,19836,1.1
男 Male,"2,000 – 3,999",40881,2.2,26687,1.4,23458,1.3
男 Male,"4,000 – 5,999",65807,3.6,42404,2.2,36794,2.1
男 Male,"6,000 – 7,999",157793,8.7,56896,3.0,35872,2.0
男 Male,"8,000 – 9,999",244140,13.4,124629,6.6,58540,3.3
男 Male,"10,000 – 14,999",456867,25.1,470790,24.8,307041,17.1
男 Male,"15,000 – 19,999",246101,13.5,354306,18.7,330442,18.5
男 Male,"20,000 – 24,999",167212,9.2,222546,11.7,291043,16.3
男 Male,"25,000 – 29,999",81911,4.5,108215,5.7,132070,7.4
男 Male,"30,000 – 39,999",126242,6.9,172159,9.1,197412,11.0
男 Male,"40,000 – 59,999",102950,5.7,146709,7.7,173931,9.7
男 Male,"≥ 60,000",104670,5.7,154358,8.1,184008,10.3
男 Male,總計 Total,1821271,100.0,1897145,100.0,1790447,100.0
女 Female,"< 2,000",35983,2.1,26137,1.4,28737,1.5
女 Female,"2,000 – 3,999",295277,17.3,52126,2.8,37456,2.0
女 Female,"4,000 – 5,999",119511,7.0,369501,20.0,359892,19.1
女 Female,"6,000 – 7,999",206832,12.1,80445,4.4,65204,3.5
女 Female,"8,000 – 9,999",210592,12.3,160796,8.7,73651,3.9
女 Female,"10,000 – 14,999",297640,17.4,420752,22.8,350444,18.6
女 Female,"15,000 – 19,999",165433,9.7,218471,11.8,285746,15.2
女 Female,"20,000 – 24,999",117306,6.9,150119,8.1,189935,10.1
女 Female,"25,000 – 29,999",59721,3.5,82488,4.5,85620,4.6
女 Female,"30,000 – 39,999",90001,5.3,104870,5.7,142334,7.6
女 Female,"40,000 – 59,999",70053,4.1,100953,5.5,133182,7.1
女 Female,"≥ 60,000",43229,2.5,77099,4.2,128677,6.8
女 Female,總計 Total,1711578,100.0,1843757,100.0,1880878,100.0
合計 Both sexes,"< 2,000",62680,1.8,43583,1.2,48573,1.3
合計 Both sexes,"2,000 – 3,999",336158,9.5,78813,2.1,60914,1.7
合計 Both sexes,"4,000 – 5,999",185318,5.2,411905,11.0,396686,10.8
合計 Both sexes,"6,000 – 7,999",364625,10.3,137341,3.7,101076,2.8
合計 Both sexes,"8,000 – 9,999",454732,12.9,285425,7.6,132191,3.6
合計 Both sexes,"10,000 – 14,999",754507,21.4,891542,23.8,657485,17.9
合計 Both sexes,"15,000 – 19,999",411534,11.6,572777,15.3,616188,16.8
合計 Both sexes,"20,000 – 24,999",284518,8.1,372665,10.0,480978,13.1
合計 Both sexes,"25,000 – 29,999",141632,4.0,190703,5.1,217690,5.9
合計 Both sexes,"30,000 – 39,999",216243,6.1,277029,7.4,339746,9.3
合計 Both sexes,"40,000 – 59,999",173003,4.9,247662,6.6,307113,8.4
合計 Both sexes,"≥ 60,000",147899,4.2,231457,6.2,312685,8.5
合計 Both sexes,總計 Total,3532849,100.0,3740902,100.0,3671325,100.0
年份 Year,年份 Year,2011,2016,2021,,,
男 Male,每月主要職業收入中位數（包括外籍家庭傭工）（港元） Median monthly income from main employment (Including foreign domestic helpers) (HK$),13000,16890,20000,,,
女 Female,每月主要職業收入中位數（包括外籍家庭傭工）（港元） Median monthly income from main employment (Including foreign domestic helpers) (HK$),9500,12000,15000,,,
合計 Both sexes,每月主要職業收入中位數（包括外籍家庭傭工）（港元） Median monthly income from main employment (Including foreign domestic helpers) (HK$),11000,15000,18000,,,
註釋： [1] 數字不包括無酬家庭從業員。 Note : [1] Figures exclude unpaid family workers.,,,,,,,
