﻿表2.5b Table 2.5b,"2011年、2016年及2021年按性別及每月主要職業收入劃分的工作人口[1]（不包括外籍家庭傭工） Working population[1] (excluding foreign domestic helpers) by sex and monthly income from main employment, 2011, 2016 and 2021",,,,,,
年份 Year,年份 Year,2011,2011,2016,2016,2021,2021
性別 Sex,每月主要職業收入（港元） Monthly income from main employment (HK$),數目（不包括外籍家庭傭工） Number (Excluding foreign domestic helpers),百分比（不包括外籍家庭傭工） % (Excluding foreign domestic helpers),數目（不包括外籍家庭傭工） Number (Excluding foreign domestic helpers),百分比（不包括外籍家庭傭工） % (Excluding foreign domestic helpers),數目（不包括外籍家庭傭工） Number (Excluding foreign domestic helpers),百分比（不包括外籍家庭傭工） % (Excluding foreign domestic helpers)
男 Male,"< 2,000",26697,1.5,17446,0.9,19836,1.1
男 Male,"2,000 – 3,999",39597,2.2,26687,1.4,23458,1.3
男 Male,"4,000 – 5,999",65270,3.6,39273,2.1,34979,2.0
男 Male,"6,000 – 7,999",157488,8.7,56568,3.0,35791,2.0
男 Male,"8,000 – 9,999",243885,13.4,124318,6.6,58508,3.3
男 Male,"10,000 – 14,999",456771,25.1,470674,24.9,306966,17.2
男 Male,"15,000 – 19,999",246101,13.5,354306,18.7,330284,18.5
男 Male,"20,000 – 24,999",167212,9.2,222546,11.8,291041,16.3
男 Male,"25,000 – 29,999",81911,4.5,108215,5.7,132070,7.4
男 Male,"30,000 – 39,999",126242,6.9,172159,9.1,197412,11.0
男 Male,"40,000 – 59,999",102950,5.7,146709,7.7,173931,9.7
男 Male,"≥ 60,000",104670,5.8,154358,8.2,184008,10.3
男 Male,總計 Total,1818794,100.0,1893259,100.0,1788284,100.0
女 Female,"< 2,000",35238,2.4,26137,1.7,28737,1.8
女 Female,"2,000 – 3,999",71117,4.9,52126,3.4,37456,2.4
女 Female,"4,000 – 5,999",94269,6.5,60027,3.9,54697,3.5
女 Female,"6,000 – 7,999",205474,14.1,74186,4.9,54512,3.5
女 Female,"8,000 – 9,999",210333,14.4,158784,10.4,72248,4.6
女 Female,"10,000 – 14,999",297597,20.4,420588,27.6,350004,22.4
女 Female,"15,000 – 19,999",165433,11.3,218471,14.3,285664,18.3
女 Female,"20,000 – 24,999",117306,8.0,150119,9.8,189935,12.2
女 Female,"25,000 – 29,999",59721,4.1,82488,5.4,85606,5.5
女 Female,"30,000 – 39,999",90001,6.2,104870,6.9,142334,9.1
女 Female,"40,000 – 59,999",70053,4.8,100953,6.6,133182,8.5
女 Female,"≥ 60,000",43229,3.0,77099,5.1,128677,8.2
女 Female,總計 Total,1459771,100.0,1525848,100.0,1563052,100.0
合計 Both sexes,"< 2,000",61935,1.9,43583,1.3,48573,1.4
合計 Both sexes,"2,000 – 3,999",110714,3.4,78813,2.3,60914,1.8
合計 Both sexes,"4,000 – 5,999",159539,4.9,99300,2.9,89676,2.7
合計 Both sexes,"6,000 – 7,999",362962,11.1,130754,3.8,90303,2.7
合計 Both sexes,"8,000 – 9,999",454218,13.9,283102,8.3,130756,3.9
合計 Both sexes,"10,000 – 14,999",754368,23.0,891262,26.1,656970,19.6
合計 Both sexes,"15,000 – 19,999",411534,12.6,572777,16.8,615948,18.4
合計 Both sexes,"20,000 – 24,999",284518,8.7,372665,10.9,480976,14.4
合計 Both sexes,"25,000 – 29,999",141632,4.3,190703,5.6,217676,6.5
合計 Both sexes,"30,000 – 39,999",216243,6.6,277029,8.1,339746,10.1
合計 Both sexes,"40,000 – 59,999",173003,5.3,247662,7.2,307113,9.2
合計 Both sexes,"≥ 60,000",147899,4.5,231457,6.8,312685,9.3
合計 Both sexes,總計 Total,3278565,100.0,3419107,100.0,3351336,100.0
年份 Year,年份 Year,2011,2016,2021,,,
男 Male,每月主要職業收入中位數（不包括外籍家庭傭工）（港元） Median monthly income from main employment (Excluding foreign domestic helpers) (HK$),13000,17000,20000,,,
女 Female,每月主要職業收入中位數（不包括外籍家庭傭工）（港元） Median monthly income from main employment (Excluding foreign domestic helpers) (HK$),10900,14000,17000,,,
合計 Both sexes,每月主要職業收入中位數（不包括外籍家庭傭工）（港元） Median monthly income from main employment (Excluding foreign domestic helpers) (HK$),12000,15500,19500,,,
註釋： [1] 數字不包括無酬家庭從業員。 Note : [1] Figures exclude unpaid family workers.,,,,,,,
